persona_id,arm,treat,persona_pid3,persona_agecat,persona_gender,persona_educ,imm_att_1,imm_att_2,imm_att_3,policy_support
0,treatment,1,Republican,30-44,Woman,Some college,4.0,3.0,5.0,5.0
1,control,0,Republican,45-64,Man,Bachelor's degree,3.0,4.0,4.0,4.0
2,treatment,1,Republican,45-64,Man,High school or less,2.0,5.0,3.0,4.0
3,control,0,Republican,45-64,Man,Some college,4.0,3.0,5.0,5.0
4,treatment,1,Independent,45-64,Man,High school or less,6.0,2.0,5.0,6.0
5,control,0,Republican,30-44,Man,Some college,5.0,3.0,5.0,5.0
6,treatment,1,Democrat,65 or older,Woman,High school or less,6.0,2.0,6.0,7.0
7,control,0,Republican,18-29,Woman,Graduate degree,5.0,3.0,4.0,5.0
8,treatment,1,Republican,18-29,Man,Bachelor's degree,4.0,3.0,5.0,5.0
9,control,0,Republican,45-64,Man,Some college,5.0,3.0,5.0,5.0
10,treatment,1,Democrat,65 or older,Man,Bachelor's degree,5.0,3.0,6.0,6.0
11,control,0,Republican,65 or older,Woman,High school or less,4.0,5.0,3.0,3.0
12,treatment,1,Republican,45-64,Woman,Some college,4.0,4.0,4.0,4.0
13,control,0,Republican,30-44,Woman,Bachelor's degree,4.0,3.0,4.0,4.0
14,treatment,1,Independent,45-64,Man,Some college,6.0,2.0,6.0,6.0
15,control,0,Republican,18-29,Woman,Graduate degree,4.0,4.0,4.0,4.0
16,treatment,1,Independent,18-29,Woman,Graduate degree,4.0,4.0,4.0,4.0
17,control,0,Republican,45-64,Woman,High school or less,5.0,4.0,4.0,5.0
18,treatment,1,Republican,30-44,Woman,Bachelor's degree,5.0,4.0,5.0,5.0
19,control,0,Independent,18-29,Woman,High school or less,4.0,4.0,4.0,5.0
20,treatment,1,Republican,65 or older,Man,Bachelor's degree,5.0,4.0,4.0,5.0
21,control,0,Democrat,45-64,Woman,High school or less,5.0,3.0,5.0,6.0
22,treatment,1,Republican,45-64,Woman,Some college,5.0,2.0,5.0,5.0
23,control,0,Democrat,30-44,Woman,Bachelor's degree,6.0,3.0,5.0,6.0
24,treatment,1,Democrat,30-44,Man,Some college,7.0,2.0,6.0,7.0
25,control,0,Democrat,30-44,Man,High school or less,5.0,3.0,5.0,5.0
26,treatment,1,Independent,18-29,Woman,High school or less,4.0,4.0,5.0,4.0
27,control,0,Republican,65 or older,Woman,Bachelor's degree,2.0,6.0,3.0,3.0
28,treatment,1,Republican,45-64,Man,Some college,4.0,4.0,4.0,4.0
29,control,0,Republican,45-64,Woman,Some college,4.0,5.0,3.0,4.0
30,treatment,1,Democrat,30-44,Woman,High school or less,5.0,3.0,5.0,5.0
31,control,0,Independent,45-64,Woman,Some college,6.0,3.0,5.0,5.0
32,treatment,1,Republican,65 or older,Woman,High school or less,5.0,4.0,4.0,5.0
33,control,0,Democrat,18-29,Man,High school or less,5.0,2.0,6.0,5.0
34,treatment,1,Republican,45-64,Woman,High school or less,5.0,2.0,5.0,5.0
35,control,0,Democrat,18-29,Woman,Some college,5.0,4.0,4.0,4.0
36,treatment,1,Independent,30-44,Woman,High school or less,4.0,4.0,4.0,4.0
37,control,0,Democrat,65 or older,Woman,Bachelor's degree,5.0,2.0,5.0,5.0
38,treatment,1,Democrat,65 or older,Woman,High school or less,6.0,2.0,6.0,6.0
39,control,0,Republican,45-64,Woman,Graduate degree,3.0,5.0,3.0,2.0
40,treatment,1,Independent,45-64,Man,Bachelor's degree,5.0,3.0,5.0,4.0
41,control,0,Democrat,30-44,Woman,High school or less,6.0,1.0,6.0,6.0
42,treatment,1,Independent,18-29,Woman,Some college,6.0,2.0,6.0,5.0
43,control,0,Republican,45-64,Woman,Graduate degree,4.0,5.0,4.0,3.0
44,treatment,1,Independent,45-64,Woman,Some college,5.0,3.0,4.0,5.0
45,control,0,Independent,30-44,Man,Graduate degree,6.0,2.0,6.0,6.0
46,treatment,1,Democrat,65 or older,Woman,Some college,6.0,2.0,6.0,6.0
47,control,0,Democrat,18-29,Man,Graduate degree,7.0,2.0,6.0,6.0
48,treatment,1,Republican,45-64,Woman,High school or less,3.0,5.0,4.0,3.0
49,control,0,Independent,45-64,Man,Bachelor's degree,6.0,3.0,5.0,5.0
50,treatment,1,Democrat,45-64,Woman,High school or less,5.0,3.0,5.0,5.0
51,control,0,Independent,45-64,Man,High school or less,3.0,5.0,3.0,3.0
52,treatment,1,Republican,30-44,Woman,High school or less,5.0,3.0,4.0,5.0
53,control,0,Republican,30-44,Woman,Some college,3.0,5.0,3.0,3.0
54,treatment,1,Republican,30-44,Man,Bachelor's degree,4.0,5.0,4.0,4.0
55,control,0,Republican,45-64,Woman,High school or less,4.0,4.0,3.0,4.0
56,treatment,1,Republican,18-29,Woman,Some college,6.0,3.0,5.0,5.0
57,control,0,Democrat,65 or older,Woman,Bachelor's degree,6.0,2.0,5.0,5.0
58,treatment,1,Independent,18-29,Woman,High school or less,4.0,4.0,4.0,5.0
59,control,0,Independent,18-29,Woman,Graduate degree,4.0,3.0,5.0,5.0
