row_id,Status,Progress,Duration (in seconds),Finished,DistributionChannel,UserLanguage,consent,pid3,ideo5,agecat,gender,educ,imm_att_1,imm_att_2,imm_att_3,policy_support,attn,condition
1,IP Address,100,711,1,anonymous,EN,1,2,4,1,2,3,2,6,1,1,5,control
2,IP Address,100,514,1,anonymous,EN,1,1,3,4,2,3,6,1,5,3,5,control
3,IP Address,100,294,1,anonymous,EN,1,1,3,2,1,4,7,3,6,7,7,treatment
4,IP Address,100,315,1,anonymous,EN,1,1,3,2,1,2,5,4,3,6,4,control
5,IP Address,100,252,1,anonymous,EN,1,1,2,1,1,3,7,1,7,7,5,treatment
6,IP Address,100,874,1,anonymous,EN,1,2,4,3,2,4,5,5,4,5,1,control
7,IP Address,100,812,1,anonymous,EN,1,4,1,1,1,1,5,3,6,5,5,control
8,IP Address,100,773,1,anonymous,EN,1,3,2,3,2,2,6,2,7,6,5,treatment
9,IP Address,100,363,1,anonymous,EN,1,2,4,3,2,3,5,4,4,3,5,control
10,IP Address,100,746,1,anonymous,EN,1,1,1,3,2,2,4,5,1,3,5,control
11,IP Address,100,683,1,anonymous,EN,1,2,4,3,1,3,4,5,4,5,5,treatment
12,IP Address,100,760,1,anonymous,EN,1,1,2,2,2,2,5,1,6,4,5,treatment
13,IP Address,100,463,1,anonymous,EN,1,2,4,2,1,1,5,3,4,5,5,treatment
14,IP Address,100,733,1,anonymous,EN,1,2,4,2,2,1,1,7,1,1,6,control
15,IP Address,100,368,1,anonymous,EN,1,1,3,3,2,1,6,1,6,6,5,control
16,IP Address,100,835,1,anonymous,EN,1,1,1,3,1,1,6,3,4,7,1,control
17,IP Address,100,482,1,anonymous,EN,1,1,3,1,2,3,7,2,7,7,5,treatment
18,IP Address,100,355,1,anonymous,EN,1,3,4,3,3,2,4,2,4,4,5,treatment
19,IP Address,100,548,1,anonymous,EN,1,3,3,3,2,1,3,5,4,4,5,control
20,IP Address,100,744,1,anonymous,EN,1,2,5,4,2,3,3,5,3,3,5,treatment
21,IP Address,100,858,1,anonymous,EN,1,1,1,1,1,1,4,4,5,6,5,control
22,IP Address,100,533,1,anonymous,EN,1,2,3,3,2,2,2,7,3,3,5,control
23,IP Address,100,548,1,anonymous,EN,1,1,2,1,2,3,6,2,5,6,5,control
24,IP Address,100,598,1,anonymous,EN,1,1,3,2,2,3,4,3,5,5,5,control
25,IP Address,100,675,1,anonymous,EN,1,2,3,4,2,3,2,5,3,2,5,control
26,IP Address,100,335,1,anonymous,EN,1,3,3,3,2,2,6,2,7,3,5,control
27,IP Address,100,290,1,anonymous,EN,1,1,2,1,1,4,7,1,7,7,5,treatment
28,IP Address,100,328,1,anonymous,EN,1,3,4,2,2,3,4,6,3,2,2,control
29,IP Address,100,607,1,anonymous,EN,1,1,1,3,1,1,5,2,7,7,5,treatment
30,IP Address,100,877,1,anonymous,EN,1,1,2,2,2,1,7,1,7,7,5,treatment
31,IP Address,100,588,1,anonymous,EN,1,2,3,3,2,3,3,5,3,3,5,treatment
32,IP Address,100,651,1,anonymous,EN,1,2,5,4,2,4,4,3,5,5,5,treatment
33,IP Address,100,487,1,anonymous,EN,1,2,4,3,2,1,2,7,2,3,1,treatment
34,IP Address,100,336,1,anonymous,EN,1,1,3,4,2,2,5,4,3,4,5,control
35,IP Address,100,683,1,anonymous,EN,1,2,5,3,2,3,5,5,3,4,5,treatment
36,IP Address,100,284,1,anonymous,EN,1,2,3,1,1,3,5,3,5,5,5,control
37,IP Address,100,892,1,anonymous,EN,1,4,3,4,2,3,5,3,3,2,5,treatment
38,IP Address,100,587,1,anonymous,EN,1,4,3,4,1,1,7,2,6,5,5,control
39,IP Address,100,402,1,anonymous,EN,1,1,1,1,2,1,4,3,5,3,5,control
40,IP Address,100,600,1,anonymous,EN,1,3,2,3,1,1,1,5,3,4,5,treatment
41,IP Address,100,563,1,anonymous,EN,1,1,2,3,3,3,4,5,4,4,5,control
42,IP Address,100,546,1,anonymous,EN,1,3,3,3,2,4,4,2,4,6,5,treatment
43,IP Address,100,499,1,anonymous,EN,1,2,3,4,2,3,6,5,3,4,5,control
44,IP Address,100,820,1,anonymous,EN,1,2,3,3,2,1,2,4,4,4,1,treatment
45,IP Address,100,828,1,anonymous,EN,1,2,5,3,2,4,3,3,4,3,5,control
46,IP Address,100,511,1,anonymous,EN,1,1,2,3,1,3,6,2,5,5,5,control
47,IP Address,100,795,1,anonymous,EN,1,1,2,3,2,1,7,2,7,5,5,treatment
48,IP Address,100,781,1,anonymous,EN,1,4,3,1,1,2,6,3,5,5,5,treatment
49,IP Address,100,499,1,anonymous,EN,1,3,2,4,2,2,6,4,5,5,6,treatment
50,IP Address,100,264,1,anonymous,EN,1,1,3,2,1,3,7,1,6,7,5,treatment
51,IP Address,100,617,1,anonymous,EN,1,2,4,3,2,1,4,5,4,4,5,treatment
52,IP Address,100,354,1,anonymous,EN,1,3,4,2,2,2,3,4,3,5,5,treatment
53,IP Address,100,676,1,anonymous,EN,1,3,3,1,1,4,4,6,4,2,5,control
54,IP Address,100,437,1,anonymous,EN,1,1,2,3,2,2,6,2,5,6,5,treatment
55,IP Address,100,426,1,anonymous,EN,1,1,2,4,1,1,5,2,6,3,5,control
56,IP Address,100,618,1,anonymous,EN,1,3,3,4,1,3,5,3,4,7,5,control
57,IP Address,100,397,1,anonymous,EN,1,3,3,3,2,2,4,2,5,4,5,treatment
58,IP Address,100,235,1,anonymous,EN,1,1,1,2,2,3,7,3,6,7,5,treatment
59,IP Address,100,629,1,anonymous,EN,1,3,3,1,1,1,6,1,5,6,5,control
60,IP Address,100,282,1,anonymous,EN,1,2,5,3,1,2,5,5,3,4,5,control
61,IP Address,100,867,1,anonymous,EN,1,2,4,3,1,1,4,2,6,5,5,treatment
62,IP Address,100,567,1,anonymous,EN,1,1,3,3,1,1,7,2,6,7,5,treatment
63,IP Address,100,582,1,anonymous,EN,1,2,4,4,1,1,3,4,2,3,6,treatment
64,IP Address,100,886,1,anonymous,EN,1,2,4,3,1,4,3,5,1,3,6,control
65,IP Address,100,307,1,anonymous,EN,1,2,5,3,2,2,5,4,6,4,5,treatment
66,IP Address,100,880,1,anonymous,EN,1,1,3,1,2,2,6,2,5,5,5,treatment
67,IP Address,100,557,1,anonymous,EN,1,3,3,2,2,2,4,3,5,3,5,control
68,IP Address,100,285,1,anonymous,EN,1,3,2,1,2,4,4,4,5,5,4,treatment
69,IP Address,100,823,1,anonymous,EN,1,3,3,2,1,3,5,5,4,3,5,control
70,IP Address,100,756,1,anonymous,EN,1,1,1,4,1,3,6,2,6,5,1,treatment
71,IP Address,100,725,1,anonymous,EN,1,2,4,4,2,2,3,4,4,2,5,treatment
72,IP Address,100,231,1,anonymous,EN,1,2,5,4,2,2,2,3,3,3,5,control
73,IP Address,100,191,1,anonymous,EN,1,4,3,2,2,1,6,1,6,7,5,treatment
74,IP Address,100,567,1,anonymous,EN,1,1,2,1,2,2,6,1,7,6,5,control
75,IP Address,100,457,1,anonymous,EN,1,3,2,3,1,1,7,4,6,6,5,treatment
76,IP Address,60,614,0,anonymous,EN,1,1,1,3,2,1,5,3,4,6,5,treatment
77,IP Address,100,668,1,anonymous,EN,1,4,5,2,2,3,4,4,3,5,5,control
78,IP Address,100,566,1,anonymous,EN,1,3,3,1,2,1,4,3,2,3,5,control
79,IP Address,100,434,1,anonymous,EN,1,2,5,4,1,3,5,4,4,5,5,treatment
80,IP Address,100,654,1,anonymous,EN,1,4,5,3,1,3,5,3,4,5,5,treatment
81,IP Address,100,589,1,anonymous,EN,1,1,1,3,1,1,6,3,6,5,5,treatment
82,IP Address,100,855,1,anonymous,EN,1,4,5,2,2,3,5,4,3,4,5,treatment
83,IP Address,100,551,1,anonymous,EN,1,1,3,2,1,3,5,3,6,4,5,control
84,IP Address,100,678,1,anonymous,EN,1,1,3,2,1,1,7,2,7,7,5,control
85,IP Address,100,895,1,anonymous,EN,1,1,2,3,2,3,5,5,3,3,5,control
86,IP Address,100,226,1,anonymous,EN,1,2,4,2,1,3,4,4,4,2,5,control
87,IP Address,100,611,1,anonymous,EN,1,1,2,2,2,2,6,1,6,7,5,treatment
88,IP Address,100,326,1,anonymous,EN,1,1,1,1,1,3,7,3,6,6,5,treatment
89,IP Address,100,584,1,anonymous,EN,1,2,4,3,2,3,4,5,3,2,5,treatment
90,IP Address,100,890,1,anonymous,EN,1,2,4,3,2,1,3,3,4,3,5,treatment
91,IP Address,100,190,1,anonymous,EN,1,1,2,1,1,1,7,2,5,7,5,control
92,IP Address,100,854,1,anonymous,EN,1,2,4,3,3,4,3,4,2,3,5,treatment
93,IP Address,100,249,1,anonymous,EN,1,4,5,3,2,3,3,3,3,4,5,control
94,IP Address,100,644,1,anonymous,EN,1,1,1,4,1,3,4,3,6,6,5,treatment
95,IP Address,100,503,1,anonymous,EN,1,2,4,2,1,1,4,5,2,4,5,control
96,IP Address,100,868,1,anonymous,EN,1,4,5,2,2,4,4,4,4,4,5,control
97,IP Address,100,348,1,anonymous,EN,1,1,2,4,1,1,6,2,6,3,3,treatment
98,IP Address,100,816,1,anonymous,EN,1,1,3,4,1,1,6,3,5,6,4,control
99,IP Address,100,804,1,anonymous,EN,1,4,1,1,2,1,6,1,6,6,5,treatment
100,IP Address,100,755,1,anonymous,EN,1,1,1,3,1,3,4,3,5,4,5,control
101,IP Address,100,609,1,anonymous,EN,1,1,2,2,1,1,7,3,5,5,5,control
102,IP Address,100,430,1,anonymous,EN,1,1,2,2,2,2,5,3,5,4,2,control
103,IP Address,100,446,1,anonymous,EN,1,1,2,4,1,1,5,3,3,4,5,control
104,IP Address,100,716,1,anonymous,EN,1,3,3,4,2,2,4,4,5,2,5,control
105,IP Address,100,404,1,anonymous,EN,1,1,2,1,1,3,6,3,3,5,5,control
106,IP Address,100,289,1,anonymous,EN,1,1,3,3,2,1,7,2,7,7,5,treatment
107,IP Address,100,761,1,anonymous,EN,1,1,1,4,2,3,6,4,6,6,5,control
108,IP Address,100,276,1,anonymous,EN,1,1,3,4,1,4,3,4,6,2,5,control
109,IP Address,100,808,1,anonymous,EN,1,2,4,3,3,1,3,5,3,2,5,control
110,IP Address,100,619,1,anonymous,EN,1,2,4,1,1,3,5,4,5,5,5,control
111,IP Address,100,725,1,anonymous,EN,1,1,1,4,2,2,6,2,5,4,5,control
112,IP Address,100,810,1,anonymous,EN,1,1,3,3,2,1,7,2,6,5,5,control
113,IP Address,100,727,1,anonymous,EN,1,3,3,4,1,1,5,5,6,4,5,control
114,IP Address,100,617,1,anonymous,EN,1,1,1,4,1,2,7,2,6,7,3,treatment
115,IP Address,100,540,1,anonymous,EN,1,3,2,2,1,4,3,5,3,4,5,treatment
116,IP Address,100,406,1,anonymous,EN,1,1,3,3,1,3,4,6,4,3,5,control
117,IP Address,100,494,1,anonymous,EN,1,2,4,1,2,4,6,3,4,5,5,treatment
118,IP Address,100,486,1,anonymous,EN,1,1,3,2,2,2,5,1,4,5,5,control
119,IP Address,100,493,1,anonymous,EN,1,2,4,3,1,2,6,3,6,5,5,treatment
120,IP Address,100,250,1,anonymous,EN,1,2,3,3,1,2,4,4,4,3,5,control
121,IP Address,100,282,1,anonymous,EN,1,2,4,3,1,4,2,5,2,3,1,treatment
122,IP Address,100,771,1,anonymous,EN,1,1,1,4,2,3,6,2,5,2,5,control
123,IP Address,100,790,1,anonymous,EN,1,3,2,3,2,1,6,2,3,5,5,treatment
124,IP Address,100,296,1,anonymous,EN,1,2,5,3,2,1,2,6,3,1,5,treatment
125,IP Address,100,423,1,anonymous,EN,1,1,3,1,1,1,5,4,6,4,7,treatment
126,IP Address,100,478,1,anonymous,EN,1,1,2,2,1,1,7,3,5,7,5,treatment
127,IP Address,100,286,1,anonymous,EN,1,2,4,3,1,2,5,4,4,4,5,control
128,IP Address,100,438,1,anonymous,EN,1,2,4,2,3,2,6,3,4,4,5,control
129,IP Address,100,641,1,anonymous,EN,1,1,2,3,2,4,7,1,7,7,5,treatment
130,IP Address,100,851,1,anonymous,EN,1,3,2,1,2,1,4,3,5,4,5,treatment
131,IP Address,100,227,1,anonymous,EN,1,4,3,2,2,2,3,4,2,2,5,control
132,IP Address,100,590,1,anonymous,EN,1,2,4,4,1,3,6,4,5,5,5,control
133,IP Address,100,608,1,anonymous,EN,1,1,1,4,2,3,6,2,4,5,5,treatment
134,IP Address,100,745,1,anonymous,EN,1,3,3,2,2,4,5,3,4,6,5,treatment
135,IP Address,100,784,1,anonymous,EN,1,1,3,1,1,4,6,2,6,5,5,treatment
136,IP Address,100,775,1,anonymous,EN,1,1,3,3,2,1,4,6,4,2,5,control
137,IP Address,100,456,1,anonymous,EN,1,3,4,1,2,2,3,5,3,5,5,control
138,IP Address,100,890,1,anonymous,EN,1,2,5,1,1,3,5,3,5,4,1,control
139,IP Address,100,487,1,anonymous,EN,1,2,5,1,1,1,2,6,4,3,5,control
140,IP Address,100,889,1,anonymous,EN,1,1,1,2,2,1,7,1,6,7,5,treatment
141,IP Address,100,586,1,anonymous,EN,1,2,4,2,2,1,2,5,3,2,7,control
142,IP Address,100,514,1,anonymous,EN,1,2,5,2,2,4,5,3,4,3,5,treatment
143,IP Address,100,318,1,anonymous,EN,1,2,3,2,2,2,2,4,4,4,5,treatment
144,IP Address,100,875,1,anonymous,EN,1,1,2,4,1,1,5,2,6,5,1,treatment
145,IP Address,100,321,1,anonymous,EN,1,1,2,2,2,4,7,1,7,5,5,treatment
146,IP Address,100,777,1,anonymous,EN,1,2,5,3,2,2,5,5,4,4,5,treatment
147,IP Address,100,402,1,anonymous,EN,1,1,1,4,2,1,5,3,5,5,7,control
148,IP Address,100,840,1,anonymous,EN,1,2,4,1,1,3,4,4,2,3,5,control
149,IP Address,100,694,1,anonymous,EN,1,1,2,4,1,2,6,2,4,6,5,treatment
150,IP Address,100,481,1,anonymous,EN,1,3,3,3,2,1,5,5,3,4,6,treatment
151,IP Address,100,559,1,anonymous,EN,1,3,2,2,2,1,3,4,4,4,5,control
152,IP Address,100,586,1,anonymous,EN,1,2,3,1,2,3,5,3,5,3,5,treatment
153,IP Address,100,272,1,anonymous,EN,1,2,3,3,1,2,5,3,5,3,5,treatment
154,IP Address,100,723,1,anonymous,EN,1,2,4,1,2,2,6,2,5,4,6,control
155,IP Address,100,648,1,anonymous,EN,1,3,3,3,2,3,5,1,6,4,5,treatment
156,IP Address,100,816,1,anonymous,EN,1,2,4,3,2,3,3,6,3,2,5,treatment
157,IP Address,100,667,1,anonymous,EN,1,2,4,1,2,1,3,5,1,2,5,treatment
158,IP Address,100,261,1,anonymous,EN,1,2,5,3,1,3,3,5,2,1,5,control
159,IP Address,100,315,1,anonymous,EN,1,1,3,3,1,2,6,2,6,7,5,treatment
160,IP Address,100,187,1,anonymous,EN,1,3,3,2,1,3,2,6,2,1,5,control
161,IP Address,100,483,1,anonymous,EN,1,2,4,1,2,3,3,5,4,3,5,treatment
162,IP Address,100,256,1,anonymous,EN,1,2,4,1,1,2,3,6,4,3,5,treatment
163,IP Address,100,716,1,anonymous,EN,1,1,3,3,2,2,5,4,4,5,5,control
164,IP Address,100,590,1,anonymous,EN,1,3,2,1,2,1,4,4,4,1,5,control
165,IP Address,100,498,1,anonymous,EN,1,2,4,3,2,3,3,4,2,3,5,treatment
166,IP Address,100,843,1,anonymous,EN,1,1,2,2,1,2,4,2,6,6,5,control
167,IP Address,100,873,1,anonymous,EN,1,2,5,2,2,3,4,4,4,6,5,treatment
168,IP Address,100,405,1,anonymous,EN,1,2,4,3,2,1,3,4,3,4,5,treatment
169,IP Address,100,407,1,anonymous,EN,1,1,3,2,1,3,7,1,6,7,5,treatment
170,IP Address,100,746,1,anonymous,EN,1,2,4,4,2,4,4,4,5,6,5,control
171,IP Address,100,541,1,anonymous,EN,1,4,1,3,1,4,2,7,4,2,5,treatment
172,IP Address,100,357,1,anonymous,EN,1,1,2,1,2,4,5,4,3,5,1,control
173,IP Address,100,659,1,anonymous,EN,1,2,3,4,2,1,3,4,4,4,5,control
174,IP Address,100,799,1,anonymous,EN,1,1,3,3,2,2,4,3,5,5,5,treatment
175,IP Address,100,607,1,anonymous,EN,1,1,2,1,2,3,4,4,3,4,5,control
176,IP Address,60,331,0,anonymous,EN,1,1,1,3,2,3,5,2,4,6,5,control
177,IP Address,100,322,1,anonymous,EN,1,1,1,2,1,1,6,2,6,5,5,control
178,IP Address,100,837,1,anonymous,EN,1,2,4,2,1,4,4,2,4,4,5,treatment
179,IP Address,100,212,1,anonymous,EN,1,2,3,1,1,1,4,4,3,6,5,control
180,IP Address,100,841,1,anonymous,EN,1,3,3,3,1,1,3,4,4,4,5,treatment
181,IP Address,100,327,1,anonymous,EN,1,4,5,4,1,4,3,5,3,2,5,treatment
182,IP Address,100,337,1,anonymous,EN,1,1,1,2,1,2,7,1,4,5,5,treatment
183,IP Address,100,719,1,anonymous,EN,1,3,4,1,2,3,4,2,4,5,5,control
184,IP Address,100,776,1,anonymous,EN,1,1,1,3,2,4,4,2,4,4,5,control
185,IP Address,100,367,1,anonymous,EN,1,1,3,3,3,3,7,2,6,7,5,control
186,IP Address,100,388,1,anonymous,EN,1,3,3,2,2,3,5,6,3,4,7,control
187,IP Address,100,641,1,anonymous,EN,1,1,3,3,1,3,4,3,3,3,5,control
188,IP Address,60,891,0,anonymous,EN,1,1,2,2,2,2,6,1,7,6,5,treatment
189,IP Address,100,513,1,anonymous,EN,1,1,2,1,1,4,7,1,6,7,5,treatment
190,IP Address,100,690,1,anonymous,EN,1,2,4,3,2,3,4,4,5,4,5,treatment
191,IP Address,100,655,1,anonymous,EN,1,2,4,3,1,3,4,5,4,5,5,treatment
192,IP Address,100,873,1,anonymous,EN,1,1,3,2,2,4,6,2,5,7,5,treatment
193,IP Address,100,769,1,anonymous,EN,1,1,3,2,2,4,5,3,6,5,5,control
194,IP Address,100,754,1,anonymous,EN,1,1,2,4,2,3,7,3,6,6,5,treatment
195,IP Address,100,866,1,anonymous,EN,1,2,5,2,2,3,3,7,2,1,5,control
196,IP Address,100,662,1,anonymous,EN,1,1,3,3,1,4,5,2,5,6,5,control
197,IP Address,100,837,1,anonymous,EN,1,1,1,2,1,3,5,2,5,7,5,control
198,IP Address,100,506,1,anonymous,EN,1,2,4,2,2,1,3,5,3,3,5,control
199,IP Address,100,725,1,anonymous,EN,1,1,2,4,1,1,7,1,7,7,5,treatment
200,IP Address,100,855,1,anonymous,EN,1,1,3,4,1,1,7,1,6,5,5,treatment
201,IP Address,60,880,0,anonymous,EN,1,2,5,1,1,4,3,5,2,2,5,treatment
202,IP Address,100,469,1,anonymous,EN,1,2,4,1,3,1,3,6,3,4,5,control
203,IP Address,100,389,1,anonymous,EN,1,2,3,2,2,2,5,5,4,3,6,control
204,IP Address,100,302,1,anonymous,EN,1,2,4,3,2,2,3,5,3,4,5,treatment
205,IP Address,100,529,1,anonymous,EN,1,1,3,3,2,2,5,3,4,5,5,control
206,IP Address,100,795,1,anonymous,EN,1,2,4,3,2,1,5,2,4,7,5,treatment
207,IP Address,100,380,1,anonymous,EN,1,3,4,2,1,3,6,4,4,4,5,treatment
208,IP Address,100,867,1,anonymous,EN,1,1,2,3,2,1,6,4,4,4,5,control
209,IP Address,100,206,1,anonymous,EN,1,3,2,2,1,1,6,5,3,3,5,control
210,IP Address,100,363,1,anonymous,EN,1,1,1,2,1,1,3,4,4,4,5,control
211,IP Address,100,817,1,anonymous,EN,1,3,3,1,2,1,4,4,6,4,5,treatment
212,IP Address,100,412,1,anonymous,EN,1,3,2,3,1,3,3,4,2,4,5,control
213,IP Address,100,791,1,anonymous,EN,1,2,4,3,1,3,3,6,2,2,5,treatment
214,IP Address,100,800,1,anonymous,EN,1,1,3,4,2,3,6,1,6,7,5,treatment
215,IP Address,100,181,1,anonymous,EN,1,2,5,3,2,1,5,3,4,4,5,treatment
216,IP Address,100,671,1,anonymous,EN,1,3,3,3,1,4,5,4,4,4,5,treatment
217,IP Address,100,681,1,anonymous,EN,1,2,4,3,1,3,3,4,2,3,5,control
218,IP Address,100,248,1,anonymous,EN,1,2,3,3,2,3,3,6,1,2,5,treatment
219,IP Address,100,218,1,anonymous,EN,1,1,2,3,2,3,6,4,6,6,5,treatment
220,IP Address,60,689,0,anonymous,EN,1,1,2,1,1,1,5,2,6,4,6,control
221,IP Address,100,487,1,anonymous,EN,1,2,3,3,2,2,5,4,4,5,5,treatment
222,IP Address,100,441,1,anonymous,EN,1,3,3,3,1,2,6,3,5,5,5,treatment
223,IP Address,100,355,1,anonymous,EN,1,1,3,1,1,3,5,2,6,6,5,control
224,IP Address,100,565,1,anonymous,EN,1,1,2,2,2,1,7,1,6,7,5,treatment
225,IP Address,100,298,1,anonymous,EN,1,4,3,4,2,2,5,5,3,3,5,control
226,IP Address,100,655,1,anonymous,EN,1,2,4,1,2,2,6,2,3,4,5,control
227,IP Address,100,534,1,anonymous,EN,1,2,4,1,1,4,5,3,4,5,5,treatment
228,IP Address,100,684,1,anonymous,EN,1,1,1,2,1,2,4,3,5,5,6,treatment
229,IP Address,100,561,1,anonymous,EN,1,3,3,1,1,1,6,1,5,5,5,control
230,IP Address,100,465,1,anonymous,EN,1,4,5,1,2,2,4,3,5,5,5,treatment
231,IP Address,100,362,1,anonymous,EN,1,2,3,2,3,2,4,4,4,2,5,treatment
232,IP Address,100,676,1,anonymous,EN,1,2,3,1,2,4,3,4,3,4,5,control
233,IP Address,100,451,1,anonymous,EN,1,2,3,1,2,2,5,4,3,6,5,treatment
234,IP Address,100,891,1,anonymous,EN,1,2,3,2,2,2,5,3,5,6,5,treatment
235,IP Address,100,552,1,anonymous,EN,1,2,5,3,1,3,4,3,5,3,5,treatment
236,IP Address,100,875,1,anonymous,EN,1,4,3,2,1,3,7,2,6,5,5,treatment
237,IP Address,100,827,1,anonymous,EN,1,2,4,3,2,4,4,4,3,3,5,treatment
238,IP Address,100,196,1,anonymous,EN,1,2,4,4,1,3,3,5,4,3,1,control
239,IP Address,100,854,1,anonymous,EN,1,2,4,2,2,1,2,4,2,2,5,treatment
240,IP Address,100,736,1,anonymous,EN,1,1,3,2,2,1,6,3,5,4,5,control
241,IP Address,100,704,1,anonymous,EN,1,4,1,1,1,2,4,1,4,5,5,treatment
242,IP Address,100,385,1,anonymous,EN,1,1,2,4,2,3,7,1,5,5,5,treatment
243,IP Address,60,390,0,anonymous,EN,1,3,3,4,2,1,4,4,3,5,5,control
244,IP Address,100,444,1,anonymous,EN,1,3,3,3,1,2,5,3,5,6,3,control
245,IP Address,100,261,1,anonymous,EN,1,4,3,3,1,2,6,3,4,5,6,treatment
246,IP Address,100,339,1,anonymous,EN,1,1,3,4,2,4,4,4,3,4,4,control
247,IP Address,100,347,1,anonymous,EN,1,1,3,2,2,3,5,1,5,6,5,treatment
248,IP Address,100,523,1,anonymous,EN,1,3,4,2,2,3,6,2,5,5,5,treatment
249,IP Address,100,557,1,anonymous,EN,1,3,3,2,1,3,4,3,5,6,5,treatment
250,IP Address,100,670,1,anonymous,EN,1,1,1,1,3,2,4,2,6,7,5,treatment
251,IP Address,100,384,1,anonymous,EN,1,3,2,3,1,1,5,5,4,4,5,control
252,IP Address,100,399,1,anonymous,EN,1,2,4,1,3,1,1,7,1,1,5,control
253,IP Address,100,484,1,anonymous,EN,1,2,3,2,2,1,3,5,1,2,5,control
254,IP Address,100,875,1,anonymous,EN,1,2,4,1,2,1,3,4,1,3,5,treatment
255,IP Address,100,523,1,anonymous,EN,1,2,4,1,1,3,5,4,4,3,5,control
256,IP Address,100,380,1,anonymous,EN,1,1,2,3,1,3,7,1,7,7,5,treatment
257,IP Address,100,701,1,anonymous,EN,1,2,4,3,2,3,3,4,2,4,5,treatment
258,IP Address,100,751,1,anonymous,EN,1,2,5,2,1,3,3,5,3,1,5,treatment
259,IP Address,100,887,1,anonymous,EN,1,1,2,4,2,2,7,1,6,7,5,treatment
260,IP Address,100,337,1,anonymous,EN,1,1,2,2,1,2,6,3,7,7,5,treatment
261,IP Address,100,883,1,anonymous,EN,1,1,3,2,1,1,6,1,7,7,5,treatment
262,IP Address,100,833,1,anonymous,EN,1,1,1,2,2,4,7,1,7,7,5,treatment
263,IP Address,100,527,1,anonymous,EN,1,2,3,4,2,3,5,5,3,3,5,control
264,IP Address,100,423,1,anonymous,EN,1,2,4,2,1,2,5,3,4,3,5,treatment
265,IP Address,100,606,1,anonymous,EN,1,4,5,4,1,1,6,2,6,4,5,control
266,IP Address,100,623,1,anonymous,EN,1,1,1,2,1,3,6,1,6,6,5,control
267,IP Address,100,194,1,anonymous,EN,1,3,2,1,2,1,5,5,4,3,5,treatment
268,IP Address,60,329,0,anonymous,EN,1,3,3,2,1,3,4,5,5,3,5,treatment
269,IP Address,100,753,1,anonymous,EN,1,2,4,2,1,3,1,7,1,1,2,control
270,IP Address,100,419,1,anonymous,EN,1,3,3,3,1,3,5,4,4,7,5,treatment
271,IP Address,100,674,1,anonymous,EN,1,2,3,2,2,3,4,4,4,4,5,treatment
272,IP Address,100,364,1,anonymous,EN,1,2,3,1,2,4,2,5,3,1,4,control
273,IP Address,100,750,1,anonymous,EN,1,2,4,2,3,4,4,3,3,3,5,treatment
274,IP Address,60,449,0,anonymous,EN,1,1,3,2,1,1,6,3,6,7,5,control
275,IP Address,60,205,0,anonymous,EN,1,1,2,3,1,1,5,1,5,7,5,treatment
276,IP Address,100,417,1,anonymous,EN,1,1,2,1,3,2,4,4,4,5,5,control
277,IP Address,100,855,1,anonymous,EN,1,1,2,2,3,3,6,4,5,6,5,control
278,IP Address,100,651,1,anonymous,EN,1,1,2,1,2,3,7,1,7,7,5,treatment
279,IP Address,100,495,1,anonymous,EN,1,3,3,4,2,2,5,3,6,4,5,control
280,IP Address,100,664,1,anonymous,EN,1,1,1,1,1,1,7,3,4,6,6,control
281,IP Address,100,497,1,anonymous,EN,1,1,3,3,1,2,4,3,3,2,5,control
282,IP Address,100,286,1,anonymous,EN,1,1,2,3,1,2,6,1,6,7,5,treatment
283,IP Address,100,370,1,anonymous,EN,1,1,3,1,2,3,5,3,4,5,5,treatment
284,IP Address,100,659,1,anonymous,EN,1,1,2,3,3,2,3,4,3,3,5,control
285,IP Address,100,574,1,anonymous,EN,1,1,2,3,2,2,5,1,5,6,5,treatment
286,IP Address,100,342,1,anonymous,EN,1,4,5,3,2,3,4,3,4,4,5,control
287,IP Address,100,854,1,anonymous,EN,1,1,2,2,1,3,7,3,5,6,5,treatment
288,IP Address,100,637,1,anonymous,EN,1,1,2,1,1,2,5,4,5,5,5,treatment
289,IP Address,100,251,1,anonymous,EN,1,3,3,3,1,1,6,3,6,5,5,control
290,IP Address,100,434,1,anonymous,EN,1,3,3,2,1,4,6,2,6,5,5,treatment
291,IP Address,100,195,1,anonymous,EN,1,1,2,4,2,1,7,2,6,6,5,treatment
292,IP Address,100,271,1,anonymous,EN,1,1,2,3,1,1,7,2,7,4,5,control
293,IP Address,100,481,1,anonymous,EN,1,1,2,4,2,1,6,2,6,6,5,treatment
294,IP Address,100,826,1,anonymous,EN,1,1,2,4,2,1,5,4,5,7,5,treatment
295,IP Address,100,891,1,anonymous,EN,1,3,3,2,1,2,6,3,6,7,5,treatment
296,IP Address,100,185,1,anonymous,EN,1,2,5,1,2,2,4,4,1,3,5,control
297,IP Address,100,774,1,anonymous,EN,1,1,2,4,2,3,6,2,7,5,5,control
298,IP Address,100,470,1,anonymous,EN,1,2,4,3,2,2,5,4,3,2,5,control
299,IP Address,100,281,1,anonymous,EN,1,1,1,2,2,1,4,3,5,5,1,control
300,IP Address,100,511,1,anonymous,EN,1,3,3,2,1,2,5,2,4,5,5,treatment
301,IP Address,100,528,1,anonymous,EN,1,1,1,1,1,4,6,4,6,4,5,treatment
302,IP Address,100,832,1,anonymous,EN,1,2,4,3,1,2,5,3,4,6,5,treatment
303,IP Address,100,793,1,anonymous,EN,1,2,5,4,1,3,4,4,5,3,5,control
304,IP Address,100,668,1,anonymous,EN,1,2,5,4,2,3,4,7,2,2,5,treatment
305,IP Address,100,542,1,anonymous,EN,1,2,5,2,1,3,1,6,3,1,5,control
306,IP Address,100,242,1,anonymous,EN,1,1,2,4,2,3,7,1,6,6,5,control
307,IP Address,100,221,1,anonymous,EN,1,4,5,2,2,1,6,3,4,4,5,treatment
308,IP Address,100,286,1,anonymous,EN,1,1,1,2,2,4,4,4,5,5,5,treatment
309,IP Address,100,891,1,anonymous,EN,1,2,5,1,2,3,5,4,4,5,5,treatment
310,IP Address,100,431,1,anonymous,EN,1,2,3,4,2,1,5,3,5,5,5,treatment
311,IP Address,100,615,1,anonymous,EN,1,3,4,1,2,4,5,3,6,3,4,treatment
312,IP Address,100,249,1,anonymous,EN,1,2,3,2,2,2,3,5,3,3,5,treatment
313,IP Address,60,866,0,anonymous,EN,1,1,1,3,2,2,7,1,6,6,5,treatment
314,IP Address,100,334,1,anonymous,EN,1,1,3,4,2,2,6,3,6,5,5,treatment
315,IP Address,100,719,1,anonymous,EN,1,3,3,3,2,1,5,2,6,6,5,control
316,IP Address,100,885,1,anonymous,EN,1,1,2,1,2,2,5,4,5,6,5,treatment
317,IP Address,100,559,1,anonymous,EN,1,3,4,4,2,1,5,3,5,4,5,control
318,IP Address,100,432,1,anonymous,EN,1,1,2,4,1,3,7,1,5,6,5,treatment
319,IP Address,100,455,1,anonymous,EN,1,1,3,2,3,2,3,4,4,5,5,treatment
320,IP Address,60,406,0,anonymous,EN,1,3,2,1,1,2,4,4,5,4,5,treatment
321,IP Address,100,608,1,anonymous,EN,1,1,3,2,1,2,6,3,4,5,5,treatment
322,IP Address,100,354,1,anonymous,EN,1,3,2,3,1,3,3,5,3,2,5,treatment
323,IP Address,100,739,1,anonymous,EN,1,2,4,4,1,2,4,5,4,2,5,control
324,IP Address,100,664,1,anonymous,EN,1,3,4,2,2,1,7,2,6,6,2,treatment
325,IP Address,100,533,1,anonymous,EN,1,2,5,1,2,2,3,6,1,2,5,control
326,IP Address,100,696,1,anonymous,EN,1,1,1,2,1,3,4,3,5,4,7,treatment
327,IP Address,100,229,1,anonymous,EN,1,2,3,3,1,2,5,3,3,5,5,treatment
328,IP Address,100,293,1,anonymous,EN,1,2,4,3,1,2,4,5,3,6,5,treatment
329,IP Address,100,325,1,anonymous,EN,1,3,4,1,2,4,5,4,4,5,5,control
330,IP Address,100,762,1,anonymous,EN,1,2,3,2,1,2,4,4,3,4,5,treatment
331,IP Address,100,569,1,anonymous,EN,1,1,3,2,2,2,5,3,4,5,5,control
332,IP Address,100,201,1,anonymous,EN,1,2,3,3,2,2,4,5,2,3,5,treatment
333,IP Address,100,642,1,anonymous,EN,1,1,2,3,1,3,5,1,7,6,7,treatment
334,IP Address,100,867,1,anonymous,EN,1,2,5,3,2,1,4,4,3,4,5,treatment
335,IP Address,100,894,1,anonymous,EN,1,1,2,3,1,1,6,3,5,5,5,control
336,IP Address,100,310,1,anonymous,EN,1,3,2,3,2,1,4,3,5,5,5,control
337,IP Address,100,847,1,anonymous,EN,1,3,2,2,1,1,5,2,4,5,5,treatment
338,IP Address,100,406,1,anonymous,EN,1,3,3,2,2,1,4,4,3,5,5,treatment
339,IP Address,100,862,1,anonymous,EN,1,3,3,1,2,4,5,4,4,3,5,treatment
340,IP Address,100,607,1,anonymous,EN,1,1,2,1,1,3,5,4,5,6,4,treatment
341,IP Address,100,408,1,anonymous,EN,1,1,2,4,1,1,6,2,6,5,5,treatment
342,IP Address,100,196,1,anonymous,EN,1,2,5,4,1,1,5,4,4,3,5,treatment
343,IP Address,100,692,1,anonymous,EN,1,1,2,3,1,4,6,1,5,4,5,treatment
344,IP Address,100,758,1,anonymous,EN,1,3,4,3,1,2,3,4,3,1,5,control
345,IP Address,100,892,1,anonymous,EN,1,3,4,4,2,3,6,1,6,6,5,control
346,IP Address,100,228,1,anonymous,EN,1,1,2,2,1,4,4,3,3,4,5,control
347,IP Address,100,666,1,anonymous,EN,1,2,3,3,2,3,3,4,2,3,5,treatment
348,IP Address,100,816,1,anonymous,EN,1,2,4,1,2,3,3,7,1,3,5,treatment
349,IP Address,60,676,0,anonymous,EN,1,1,2,3,2,3,5,4,3,4,5,control
350,IP Address,100,473,1,anonymous,EN,1,3,4,2,1,4,4,3,3,3,5,treatment
351,IP Address,100,581,1,anonymous,EN,1,2,4,3,2,2,4,4,5,5,5,treatment
352,IP Address,100,890,1,anonymous,EN,1,1,1,3,1,4,5,4,6,3,5,control
353,IP Address,100,239,1,anonymous,EN,1,1,2,3,1,3,4,2,5,5,5,treatment
354,IP Address,100,625,1,anonymous,EN,1,3,2,1,2,2,3,4,4,4,5,control
355,IP Address,100,830,1,anonymous,EN,1,1,2,2,2,2,7,2,7,6,5,treatment
356,IP Address,100,598,1,anonymous,EN,1,2,4,2,2,1,5,4,4,5,5,control
357,IP Address,100,665,1,anonymous,EN,1,2,3,3,1,1,4,3,4,4,5,treatment
358,IP Address,100,723,1,anonymous,EN,1,1,2,2,2,1,4,4,5,2,5,control
359,IP Address,100,494,1,anonymous,EN,1,2,4,2,1,2,2,6,1,1,6,control
360,IP Address,100,320,1,anonymous,EN,1,4,3,3,1,3,5,4,5,4,4,treatment
361,IP Address,100,508,1,anonymous,EN,1,2,3,3,1,1,3,4,3,3,5,treatment
362,IP Address,100,398,1,anonymous,EN,1,1,2,3,2,2,7,2,5,7,5,treatment
363,IP Address,100,644,1,anonymous,EN,1,2,3,2,1,3,3,7,2,2,5,treatment
364,IP Address,100,779,1,anonymous,EN,1,2,4,2,1,2,4,4,3,4,5,control
365,IP Address,100,686,1,anonymous,EN,1,1,3,1,2,3,5,2,4,6,5,control
366,IP Address,100,373,1,anonymous,EN,1,3,2,2,2,1,4,3,4,1,5,control
367,IP Address,100,807,1,anonymous,EN,1,2,4,1,1,3,4,4,4,1,5,treatment
368,IP Address,100,326,1,anonymous,EN,1,2,4,2,2,3,4,4,4,4,5,control
369,IP Address,100,181,1,anonymous,EN,1,4,1,1,2,1,6,4,5,5,5,treatment
370,IP Address,100,329,1,anonymous,EN,1,1,3,2,1,2,5,3,5,5,7,treatment
371,IP Address,100,794,1,anonymous,EN,1,1,3,2,1,2,7,2,6,6,5,treatment
372,IP Address,100,322,1,anonymous,EN,1,2,4,3,1,1,3,5,5,4,5,treatment
373,IP Address,60,865,0,anonymous,EN,1,3,3,1,2,3,5,3,6,6,7,control
374,IP Address,100,491,1,anonymous,EN,1,2,4,1,2,2,3,4,3,2,5,control
375,IP Address,100,563,1,anonymous,EN,1,2,5,2,1,3,4,5,5,5,5,treatment
376,IP Address,100,686,1,anonymous,EN,1,1,2,3,1,4,5,4,4,6,5,treatment
377,IP Address,100,418,1,anonymous,EN,1,3,3,3,2,2,6,1,6,5,5,treatment
378,IP Address,100,187,1,anonymous,EN,1,2,4,2,1,2,4,5,3,5,1,control
379,IP Address,100,838,1,anonymous,EN,1,1,2,4,2,2,5,3,4,6,5,treatment
380,IP Address,100,831,1,anonymous,EN,1,1,2,3,1,2,5,1,7,6,5,treatment
381,IP Address,100,442,1,anonymous,EN,1,2,4,4,2,1,3,4,3,4,5,control
382,IP Address,100,635,1,anonymous,EN,1,2,4,2,2,2,2,7,1,1,5,control
383,IP Address,100,307,1,anonymous,EN,1,2,5,1,2,2,3,5,1,4,3,control
384,IP Address,100,237,1,anonymous,EN,1,3,3,1,2,2,4,4,4,4,5,treatment
385,IP Address,100,495,1,anonymous,EN,1,1,3,1,2,3,5,2,5,6,5,control
386,IP Address,100,391,1,anonymous,EN,1,3,3,2,2,1,6,3,7,5,1,treatment
387,IP Address,100,609,1,anonymous,EN,1,3,3,2,1,1,6,1,5,5,5,treatment
388,IP Address,100,682,1,anonymous,EN,1,1,1,2,2,2,5,3,5,5,5,control
389,IP Address,100,492,1,anonymous,EN,1,1,1,4,1,3,4,3,5,4,5,control
390,IP Address,100,414,1,anonymous,EN,1,2,3,2,1,3,1,7,2,1,5,control
391,IP Address,100,563,1,anonymous,EN,1,2,4,2,2,3,4,5,5,2,5,control
392,IP Address,100,471,1,anonymous,EN,1,1,1,1,2,3,6,1,6,6,5,treatment
393,IP Address,100,617,1,anonymous,EN,1,1,1,1,1,2,5,4,5,4,2,treatment
394,IP Address,100,533,1,anonymous,EN,1,1,2,3,2,1,6,2,5,6,5,treatment
395,IP Address,100,580,1,anonymous,EN,1,2,4,4,1,2,2,4,1,3,5,treatment
396,IP Address,100,281,1,anonymous,EN,1,3,3,2,2,4,5,5,4,2,5,control
397,IP Address,100,476,1,anonymous,EN,1,2,3,3,2,3,5,4,3,4,4,control
398,IP Address,100,594,1,anonymous,EN,1,3,2,4,1,4,5,3,5,6,5,treatment
399,IP Address,100,427,1,anonymous,EN,1,4,1,2,2,2,3,5,4,2,5,treatment
400,IP Address,100,643,1,anonymous,EN,1,2,3,4,2,3,4,3,3,2,5,control
